<?xml version="1.0" encoding="UTF-8"?>
<project-private xmlns="http://www.netbeans.org/ns/project-private/1">
    <editor-bookmarks xmlns="http://www.netbeans.org/ns/editor-bookmarks/2" lastBookmarkId="0"/>
    <open-files xmlns="http://www.netbeans.org/ns/projectui-open-files/2">
        <group>
            <file>file://brookesf1/s55/15073955/Project/u08009cwk/src/u08009cwk/NodeInterface.java</file>
            <file>file://brookesf1/s55/15073955/Project/u08009cwk/src/u08009cwk/FlowChart.java</file>
            <file>file://brookesf1/s55/15073955/Project/u08009cwk/src/u08009cwk/DecisionNode.java</file>
            <file>file://brookesf1/s55/15073955/Project/u08009cwk/src/u08009cwk/ActionNodeInterface.java</file>
            <file>file://brookesf1/s55/15073955/Project/u08009cwk/src/u08009cwk/DecisionNodeInterface.java</file>
            <file>file://brookesf1/s55/15073955/Project/u08009cwk/src/u08009cwk/ConsoleUI.java</file>
        </group>
    </open-files>
</project-private>
